Feature,Gain,Cover,Frequency
short_name,0.9034661601691271,0.8482387958642601,0.75
humidity,0.0659496613314164,0.11885138040465362,0.16666666666666666
tsi,0.03058417849945661,0.032909823731086384,0.08333333333333333
